datetime,agent,seed,steps,score,cargo,deliveries,active_goals,delayed_goals,sticky_target,max_carry,urgent_threshold
2025-09-13 19:30:32,default,2,201,-58,0,6,0,0,False,,
2025-09-13 19:30:34,default,2,201,-58,0,6,0,0,False,,
2025-09-13 19:30:35,default,2,201,-58,0,6,0,0,False,,
2025-09-13 19:30:36,default,2,201,-58,0,6,0,0,False,,
2025-09-13 19:30:37,default,2,201,-58,0,6,0,0,False,,
2025-09-13 19:30:38,greedy,2,201,-58,0,6,0,0,False,,
2025-09-13 19:30:39,greedy,2,201,-58,0,6,0,0,False,,
2025-09-13 19:30:39,greedy,2,201,-58,0,6,0,0,False,,
2025-09-13 19:30:41,greedy,2,201,-58,0,6,0,0,False,,
2025-09-13 19:30:41,greedy,2,201,-58,0,6,0,0,False,,
2025-09-13 19:30:42,deadline,2,248,-164,0,6,0,0,False,,7
2025-09-13 19:30:44,deadline,2,248,-164,0,6,0,0,False,,7
2025-09-13 19:30:45,deadline,2,248,-164,0,6,0,0,False,,7
2025-09-13 19:30:45,deadline,2,248,-164,0,6,0,0,False,,7
2025-09-13 19:30:46,deadline,2,248,-164,0,6,0,0,False,,7
2025-09-13 19:30:48,deadline,2,248,-164,0,6,0,0,False,,10
2025-09-13 19:30:49,deadline,2,248,-164,0,6,0,0,False,,10
2025-09-13 19:30:50,deadline,2,248,-164,0,6,0,0,False,,10
2025-09-13 19:30:52,deadline,2,248,-164,0,6,0,0,False,,10
2025-09-13 19:30:54,deadline,2,248,-164,0,6,0,0,False,,10
2025-09-13 19:30:55,deadline,2,248,-164,0,6,0,0,False,,15
2025-09-13 19:30:56,deadline,2,248,-164,0,6,0,0,False,,15
2025-09-13 19:30:56,deadline,2,248,-164,0,6,0,0,False,,15
2025-09-13 19:30:58,deadline,2,248,-164,0,6,0,0,False,,15
2025-09-13 19:30:58,deadline,2,248,-164,0,6,0,0,False,,15
2025-09-13 19:30:58,smart,2,266,-198,0,6,0,0,False,1,7
2025-09-13 19:30:58,smart,2,266,-198,0,6,0,0,False,1,7
2025-09-13 19:30:59,smart,2,266,-198,0,6,0,0,False,1,7
2025-09-13 19:31:00,smart,2,266,-198,0,6,0,0,False,1,7
2025-09-13 19:31:01,smart,2,266,-198,0,6,0,0,False,1,7
2025-09-13 19:31:02,smart,2,226,-88,0,6,0,0,False,2,7
2025-09-13 19:31:02,smart,2,226,-88,0,6,0,0,False,2,7
2025-09-13 19:31:03,smart,2,226,-88,0,6,0,0,False,2,7
2025-09-13 19:31:03,smart,2,226,-88,0,6,0,0,False,2,7
2025-09-13 19:31:03,smart,2,226,-88,0,6,0,0,False,2,7
2025-09-13 19:31:06,smart,2,178,59,0,6,0,0,False,3,7
2025-09-13 19:31:06,smart,2,178,59,0,6,0,0,False,3,7
2025-09-13 19:31:07,smart,2,178,59,0,6,0,0,False,3,7
2025-09-13 19:31:07,smart,2,178,59,0,6,0,0,False,3,7
2025-09-13 19:31:08,smart,2,178,59,0,6,0,0,False,3,7
2025-09-13 19:31:09,smart,2,266,-198,0,6,0,0,False,1,10
2025-09-13 19:31:10,smart,2,266,-198,0,6,0,0,False,1,10
2025-09-13 19:31:11,smart,2,266,-198,0,6,0,0,False,1,10
2025-09-13 19:31:11,smart,2,266,-198,0,6,0,0,False,1,10
2025-09-13 19:31:12,smart,2,266,-198,0,6,0,0,False,1,10
2025-09-13 19:31:13,smart,2,220,-58,0,6,0,0,False,2,10
2025-09-13 19:31:14,smart,2,220,-58,0,6,0,0,False,2,10
2025-09-13 19:31:14,smart,2,220,-58,0,6,0,0,False,2,10
2025-09-13 19:31:15,smart,2,220,-58,0,6,0,0,False,2,10
2025-09-13 19:31:15,smart,2,220,-58,0,6,0,0,False,2,10
2025-09-13 19:31:16,smart,2,172,71,0,6,0,0,False,3,10
2025-09-13 19:31:17,smart,2,172,71,0,6,0,0,False,3,10
2025-09-13 19:31:17,smart,2,172,71,0,6,0,0,False,3,10
2025-09-13 19:31:18,smart,2,172,71,0,6,0,0,False,3,10
2025-09-13 19:31:21,smart,2,172,71,0,6,0,0,False,3,10
2025-09-13 19:31:22,smart,2,258,-176,0,6,0,0,False,1,15
2025-09-13 19:31:22,smart,2,258,-176,0,6,0,0,False,1,15
2025-09-13 19:31:24,smart,2,258,-176,0,6,0,0,False,1,15
2025-09-13 19:31:27,smart,2,258,-176,0,6,0,0,False,1,15
2025-09-13 19:31:28,smart,2,258,-176,0,6,0,0,False,1,15
2025-09-13 19:31:29,smart,2,220,-58,0,6,0,0,False,2,15
2025-09-13 19:31:30,smart,2,220,-58,0,6,0,0,False,2,15
2025-09-13 19:31:31,smart,2,220,-58,0,6,0,0,False,2,15
2025-09-13 19:31:32,smart,2,220,-58,0,6,0,0,False,2,15
2025-09-13 19:31:32,smart,2,220,-58,0,6,0,0,False,2,15
2025-09-13 19:31:33,smart,2,172,71,0,6,0,0,False,3,15
2025-09-13 19:31:33,smart,2,172,71,0,6,0,0,False,3,15
2025-09-13 19:31:34,smart,2,172,71,0,6,0,0,False,3,15
2025-09-13 19:31:34,smart,2,172,71,0,6,0,0,False,3,15
2025-09-13 19:31:35,smart,2,172,71,0,6,0,0,False,3,15
2025-09-13 19:31:36,default,2,201,-58,0,6,0,0,True,,
2025-09-13 19:31:36,default,2,201,-58,0,6,0,0,True,,
2025-09-13 19:31:37,default,2,201,-58,0,6,0,0,True,,
2025-09-13 19:31:38,default,2,201,-58,0,6,0,0,True,,
2025-09-13 19:31:38,default,2,201,-58,0,6,0,0,True,,
2025-09-13 19:31:39,greedy,2,201,-58,0,6,0,0,True,,
2025-09-13 19:31:39,greedy,2,201,-58,0,6,0,0,True,,
2025-09-13 19:31:40,greedy,2,201,-58,0,6,0,0,True,,
2025-09-13 19:31:40,greedy,2,201,-58,0,6,0,0,True,,
2025-09-13 19:31:41,greedy,2,201,-58,0,6,0,0,True,,
2025-09-13 19:31:42,deadline,2,286,-292,0,6,0,0,True,,7
2025-09-13 19:31:44,deadline,2,286,-292,0,6,0,0,True,,7
2025-09-13 19:31:45,deadline,2,286,-292,0,6,0,0,True,,7
2025-09-13 19:31:46,deadline,2,286,-292,0,6,0,0,True,,7
2025-09-13 19:31:47,deadline,2,286,-292,0,6,0,0,True,,7
2025-09-13 19:31:48,deadline,2,286,-292,0,6,0,0,True,,10
2025-09-13 19:31:49,deadline,2,286,-292,0,6,0,0,True,,10
2025-09-13 19:31:51,deadline,2,286,-292,0,6,0,0,True,,10
2025-09-13 19:31:52,deadline,2,286,-292,0,6,0,0,True,,10
2025-09-13 19:31:53,deadline,2,286,-292,0,6,0,0,True,,10
2025-09-13 19:31:53,deadline,2,286,-292,0,6,0,0,True,,15
2025-09-13 19:31:54,deadline,2,286,-292,0,6,0,0,True,,15
2025-09-13 19:31:55,deadline,2,286,-292,0,6,0,0,True,,15
2025-09-13 19:31:56,deadline,2,286,-292,0,6,0,0,True,,15
2025-09-13 19:31:57,deadline,2,286,-292,0,6,0,0,True,,15
2025-09-13 19:31:57,smart,2,284,-288,0,6,0,0,True,1,7
2025-09-13 19:31:58,smart,2,284,-288,0,6,0,0,True,1,7
2025-09-13 19:31:59,smart,2,284,-288,0,6,0,0,True,1,7
2025-09-13 19:32:00,smart,2,284,-288,0,6,0,0,True,1,7
2025-09-13 19:32:00,smart,2,284,-288,0,6,0,0,True,1,7
2025-09-13 19:32:01,smart,2,234,-128,0,6,0,0,True,2,7
2025-09-13 19:32:02,smart,2,234,-128,0,6,0,0,True,2,7
2025-09-13 19:32:02,smart,2,234,-128,0,6,0,0,True,2,7
2025-09-13 19:32:03,smart,2,234,-128,0,6,0,0,True,2,7
2025-09-13 19:32:04,smart,2,234,-128,0,6,0,0,True,2,7
2025-09-13 19:32:04,smart,2,206,-42,0,6,0,0,True,3,7
2025-09-13 19:32:05,smart,2,206,-42,0,6,0,0,True,3,7
2025-09-13 19:32:06,smart,2,206,-42,0,6,0,0,True,3,7
2025-09-13 19:32:06,smart,2,206,-42,0,6,0,0,True,3,7
2025-09-13 19:32:07,smart,2,206,-42,0,6,0,0,True,3,7
2025-09-13 19:32:07,smart,2,284,-288,0,6,0,0,True,1,10
2025-09-13 19:32:08,smart,2,284,-288,0,6,0,0,True,1,10
2025-09-13 19:32:09,smart,2,284,-288,0,6,0,0,True,1,10
2025-09-13 19:32:10,smart,2,284,-288,0,6,0,0,True,1,10
2025-09-13 19:32:10,smart,2,284,-288,0,6,0,0,True,1,10
2025-09-13 19:32:11,smart,2,220,-58,0,6,0,0,True,2,10
2025-09-13 19:32:13,smart,2,220,-58,0,6,0,0,True,2,10
2025-09-13 19:32:14,smart,2,220,-58,0,6,0,0,True,2,10
2025-09-13 19:32:14,smart,2,220,-58,0,6,0,0,True,2,10
2025-09-13 19:32:15,smart,2,220,-58,0,6,0,0,True,2,10
2025-09-13 19:32:16,smart,2,206,-42,0,6,0,0,True,3,10
2025-09-13 19:32:16,smart,2,206,-42,0,6,0,0,True,3,10
2025-09-13 19:32:17,smart,2,206,-42,0,6,0,0,True,3,10
2025-09-13 19:32:17,smart,2,206,-42,0,6,0,0,True,3,10
2025-09-13 19:32:18,smart,2,206,-42,0,6,0,0,True,3,10
2025-09-13 19:32:19,smart,2,284,-288,0,6,0,0,True,1,15
2025-09-13 19:32:20,smart,2,284,-288,0,6,0,0,True,1,15
2025-09-13 19:32:20,smart,2,284,-288,0,6,0,0,True,1,15
2025-09-13 19:32:21,smart,2,284,-288,0,6,0,0,True,1,15
2025-09-13 19:32:22,smart,2,284,-288,0,6,0,0,True,1,15
2025-09-13 19:32:23,smart,2,220,-58,0,6,0,0,True,2,15
2025-09-13 19:32:23,smart,2,220,-58,0,6,0,0,True,2,15
2025-09-13 19:32:24,smart,2,220,-58,0,6,0,0,True,2,15
2025-09-13 19:32:25,smart,2,220,-58,0,6,0,0,True,2,15
2025-09-13 19:32:25,smart,2,220,-58,0,6,0,0,True,2,15
2025-09-13 19:32:26,smart,2,168,79,0,6,0,0,True,3,15
2025-09-13 19:32:26,smart,2,168,79,0,6,0,0,True,3,15
2025-09-13 19:32:27,smart,2,168,79,0,6,0,0,True,3,15
2025-09-13 19:32:27,smart,2,168,79,0,6,0,0,True,3,15
2025-09-13 19:32:28,smart,2,168,79,0,6,0,0,True,3,15
2025-09-13 19:32:29,default,5,153,98,0,6,0,0,False,,
2025-09-13 19:32:29,default,5,153,98,0,6,0,0,False,,
2025-09-13 19:32:30,default,5,153,98,0,6,0,0,False,,
2025-09-13 19:32:30,default,5,153,98,0,6,0,0,False,,
2025-09-13 19:32:31,default,5,153,98,0,6,0,0,False,,
2025-09-13 19:32:31,greedy,5,153,98,0,6,0,0,False,,
2025-09-13 19:32:32,greedy,5,153,98,0,6,0,0,False,,
2025-09-13 19:32:32,greedy,5,153,98,0,6,0,0,False,,
2025-09-13 19:32:33,greedy,5,153,98,0,6,0,0,False,,
2025-09-13 19:32:33,greedy,5,153,98,0,6,0,0,False,,
2025-09-13 19:32:34,deadline,5,145,119,0,6,0,0,False,,7
2025-09-13 19:32:34,deadline,5,145,119,0,6,0,0,False,,7
2025-09-13 19:32:35,deadline,5,145,119,0,6,0,0,False,,7
2025-09-13 19:32:35,deadline,5,145,119,0,6,0,0,False,,7
2025-09-13 19:32:36,deadline,5,145,119,0,6,0,0,False,,7
2025-09-13 19:32:36,deadline,5,145,119,0,6,0,0,False,,10
2025-09-13 19:32:37,deadline,5,145,119,0,6,0,0,False,,10
2025-09-13 19:32:37,deadline,5,145,119,0,6,0,0,False,,10
2025-09-13 19:32:38,deadline,5,145,119,0,6,0,0,False,,10
2025-09-13 19:32:38,deadline,5,145,119,0,6,0,0,False,,10
2025-09-13 19:32:39,deadline,5,145,119,0,6,0,0,False,,15
2025-09-13 19:32:39,deadline,5,145,119,0,6,0,0,False,,15
2025-09-13 19:32:40,deadline,5,145,119,0,6,0,0,False,,15
2025-09-13 19:32:40,deadline,5,145,119,0,6,0,0,False,,15
2025-09-13 19:32:41,deadline,5,145,119,0,6,0,0,False,,15
2025-09-13 19:32:41,smart,5,145,119,0,6,0,0,False,1,7
2025-09-13 19:32:42,smart,5,145,119,0,6,0,0,False,1,7
2025-09-13 19:32:42,smart,5,145,119,0,6,0,0,False,1,7
2025-09-13 19:32:43,smart,5,145,119,0,6,0,0,False,1,7
2025-09-13 19:32:43,smart,5,145,119,0,6,0,0,False,1,7
2025-09-13 19:32:44,smart,5,179,5,0,6,0,0,False,2,7
2025-09-13 19:32:44,smart,5,179,5,0,6,0,0,False,2,7
2025-09-13 19:32:45,smart,5,179,5,0,6,0,0,False,2,7
2025-09-13 19:32:46,smart,5,179,5,0,6,0,0,False,2,7
2025-09-13 19:32:46,smart,5,179,5,0,6,0,0,False,2,7
2025-09-13 19:32:47,smart,5,203,-99,0,6,0,0,False,3,7
2025-09-13 19:32:47,smart,5,203,-99,0,6,0,0,False,3,7
2025-09-13 19:32:48,smart,5,203,-99,0,6,0,0,False,3,7
2025-09-13 19:32:49,smart,5,203,-99,0,6,0,0,False,3,7
2025-09-13 19:32:49,smart,5,203,-99,0,6,0,0,False,3,7
2025-09-13 19:32:50,smart,5,145,119,0,6,0,0,False,1,10
2025-09-13 19:32:50,smart,5,145,119,0,6,0,0,False,1,10
2025-09-13 19:32:51,smart,5,145,119,0,6,0,0,False,1,10
2025-09-13 19:32:52,smart,5,145,119,0,6,0,0,False,1,10
2025-09-13 19:32:52,smart,5,145,119,0,6,0,0,False,1,10
2025-09-13 19:32:53,smart,5,173,29,0,6,0,0,False,2,10
2025-09-13 19:32:53,smart,5,173,29,0,6,0,0,False,2,10
2025-09-13 19:32:54,smart,5,173,29,0,6,0,0,False,2,10
2025-09-13 19:32:55,smart,5,173,29,0,6,0,0,False,2,10
2025-09-13 19:32:55,smart,5,173,29,0,6,0,0,False,2,10
2025-09-13 19:32:56,smart,5,199,-75,0,6,0,0,False,3,10
2025-09-13 19:32:56,smart,5,199,-75,0,6,0,0,False,3,10
2025-09-13 19:32:57,smart,5,199,-75,0,6,0,0,False,3,10
2025-09-13 19:32:58,smart,5,199,-75,0,6,0,0,False,3,10
2025-09-13 19:32:58,smart,5,199,-75,0,6,0,0,False,3,10
2025-09-13 19:32:59,smart,5,145,119,0,6,0,0,False,1,15
2025-09-13 19:33:00,smart,5,145,119,0,6,0,0,False,1,15
2025-09-13 19:33:00,smart,5,145,119,0,6,0,0,False,1,15
2025-09-13 19:33:01,smart,5,145,119,0,6,0,0,False,1,15
2025-09-13 19:33:01,smart,5,145,119,0,6,0,0,False,1,15
2025-09-13 19:33:02,smart,5,183,-1,0,6,0,0,False,2,15
2025-09-13 19:33:02,smart,5,183,-1,0,6,0,0,False,2,15
2025-09-13 19:33:03,smart,5,183,-1,0,6,0,0,False,2,15
2025-09-13 19:33:03,smart,5,183,-1,0,6,0,0,False,2,15
2025-09-13 19:33:04,smart,5,183,-1,0,6,0,0,False,2,15
2025-09-13 19:33:05,smart,5,199,-75,0,6,0,0,False,3,15
2025-09-13 19:33:05,smart,5,199,-75,0,6,0,0,False,3,15
2025-09-13 19:33:06,smart,5,199,-75,0,6,0,0,False,3,15
2025-09-13 19:33:07,smart,5,199,-75,0,6,0,0,False,3,15
2025-09-13 19:33:07,smart,5,199,-75,0,6,0,0,False,3,15
2025-09-13 19:33:08,default,5,155,81,0,6,0,0,True,,
2025-09-13 19:33:08,default,5,155,81,0,6,0,0,True,,
2025-09-13 19:33:09,default,5,155,81,0,6,0,0,True,,
2025-09-13 19:33:10,default,5,155,81,0,6,0,0,True,,
2025-09-13 19:33:10,default,5,155,81,0,6,0,0,True,,
2025-09-13 19:33:11,greedy,5,155,81,0,6,0,0,True,,
2025-09-13 19:33:11,greedy,5,155,81,0,6,0,0,True,,
2025-09-13 19:33:12,greedy,5,155,81,0,6,0,0,True,,
2025-09-13 19:33:12,greedy,5,155,81,0,6,0,0,True,,
2025-09-13 19:33:13,greedy,5,155,81,0,6,0,0,True,,
2025-09-13 19:33:13,deadline,5,145,119,0,6,0,0,True,,7
2025-09-13 19:33:14,deadline,5,145,119,0,6,0,0,True,,7
2025-09-13 19:33:14,deadline,5,145,119,0,6,0,0,True,,7
2025-09-13 19:33:15,deadline,5,145,119,0,6,0,0,True,,7
2025-09-13 19:33:15,deadline,5,145,119,0,6,0,0,True,,7
2025-09-13 19:33:16,deadline,5,145,119,0,6,0,0,True,,10
2025-09-13 19:33:16,deadline,5,145,119,0,6,0,0,True,,10
2025-09-13 19:33:17,deadline,5,145,119,0,6,0,0,True,,10
2025-09-13 19:33:17,deadline,5,145,119,0,6,0,0,True,,10
2025-09-13 19:33:18,deadline,5,145,119,0,6,0,0,True,,10
2025-09-13 19:33:18,deadline,5,145,119,0,6,0,0,True,,15
2025-09-13 19:33:19,deadline,5,145,119,0,6,0,0,True,,15
2025-09-13 19:33:19,deadline,5,145,119,0,6,0,0,True,,15
2025-09-13 19:33:20,deadline,5,145,119,0,6,0,0,True,,15
2025-09-13 19:33:20,deadline,5,145,119,0,6,0,0,True,,15
2025-09-13 19:33:21,smart,5,145,119,0,6,0,0,True,1,7
2025-09-13 19:33:22,smart,5,145,119,0,6,0,0,True,1,7
2025-09-13 19:33:22,smart,5,145,119,0,6,0,0,True,1,7
2025-09-13 19:33:23,smart,5,145,119,0,6,0,0,True,1,7
2025-09-13 19:33:23,smart,5,145,119,0,6,0,0,True,1,7
2025-09-13 19:33:24,smart,5,153,83,0,6,0,0,True,2,7
2025-09-13 19:33:24,smart,5,153,83,0,6,0,0,True,2,7
2025-09-13 19:33:25,smart,5,153,83,0,6,0,0,True,2,7
2025-09-13 19:33:25,smart,5,153,83,0,6,0,0,True,2,7
2025-09-13 19:33:26,smart,5,153,83,0,6,0,0,True,2,7
2025-09-13 19:33:26,smart,5,205,-115,0,6,0,0,True,3,7
2025-09-13 19:33:27,smart,5,205,-115,0,6,0,0,True,3,7
2025-09-13 19:33:28,smart,5,205,-115,0,6,0,0,True,3,7
2025-09-13 19:33:28,smart,5,205,-115,0,6,0,0,True,3,7
2025-09-13 19:33:29,smart,5,205,-115,0,6,0,0,True,3,7
2025-09-13 19:33:30,smart,5,145,119,0,6,0,0,True,1,10
2025-09-13 19:33:30,smart,5,145,119,0,6,0,0,True,1,10
2025-09-13 19:33:31,smart,5,145,119,0,6,0,0,True,1,10
2025-09-13 19:33:31,smart,5,145,119,0,6,0,0,True,1,10
2025-09-13 19:33:32,smart,5,145,119,0,6,0,0,True,1,10
2025-09-13 19:33:32,smart,5,153,83,0,6,0,0,True,2,10
2025-09-13 19:33:33,smart,5,153,83,0,6,0,0,True,2,10
2025-09-13 19:33:33,smart,5,153,83,0,6,0,0,True,2,10
2025-09-13 19:33:34,smart,5,153,83,0,6,0,0,True,2,10
2025-09-13 19:33:35,smart,5,153,83,0,6,0,0,True,2,10
2025-09-13 19:33:35,smart,5,205,-115,0,6,0,0,True,3,10
2025-09-13 19:33:36,smart,5,205,-115,0,6,0,0,True,3,10
2025-09-13 19:33:36,smart,5,205,-115,0,6,0,0,True,3,10
2025-09-13 19:33:37,smart,5,205,-115,0,6,0,0,True,3,10
2025-09-13 19:33:38,smart,5,205,-115,0,6,0,0,True,3,10
2025-09-13 19:33:38,smart,5,145,119,0,6,0,0,True,1,15
2025-09-13 19:33:39,smart,5,145,119,0,6,0,0,True,1,15
2025-09-13 19:33:39,smart,5,145,119,0,6,0,0,True,1,15
2025-09-13 19:33:40,smart,5,145,119,0,6,0,0,True,1,15
2025-09-13 19:33:41,smart,5,145,119,0,6,0,0,True,1,15
2025-09-13 19:33:41,smart,5,171,37,0,6,0,0,True,2,15
2025-09-13 19:33:42,smart,5,171,37,0,6,0,0,True,2,15
2025-09-13 19:33:42,smart,5,171,37,0,6,0,0,True,2,15
2025-09-13 19:33:43,smart,5,171,37,0,6,0,0,True,2,15
2025-09-13 19:33:43,smart,5,171,37,0,6,0,0,True,2,15
2025-09-13 19:33:44,smart,5,205,-115,0,6,0,0,True,3,15
2025-09-13 19:33:44,smart,5,205,-115,0,6,0,0,True,3,15
2025-09-13 19:33:45,smart,5,205,-115,0,6,0,0,True,3,15
2025-09-13 19:33:46,smart,5,205,-115,0,6,0,0,True,3,15
2025-09-13 19:33:46,smart,5,205,-115,0,6,0,0,True,3,15
2025-09-13 19:33:47,default,10,164,93,0,6,0,0,False,,
2025-09-13 19:33:47,default,10,164,93,0,6,0,0,False,,
2025-09-13 19:33:48,default,10,164,93,0,6,0,0,False,,
2025-09-13 19:33:48,default,10,164,93,0,6,0,0,False,,
2025-09-13 19:33:49,default,10,164,93,0,6,0,0,False,,
2025-09-13 19:33:49,greedy,10,164,93,0,6,0,0,False,,
2025-09-13 19:33:50,greedy,10,164,93,0,6,0,0,False,,
2025-09-13 19:33:50,greedy,10,164,93,0,6,0,0,False,,
2025-09-13 19:33:51,greedy,10,164,93,0,6,0,0,False,,
2025-09-13 19:33:51,greedy,10,164,93,0,6,0,0,False,,
2025-09-13 19:33:52,deadline,10,172,68,0,6,0,0,False,,7
2025-09-13 19:33:52,deadline,10,172,68,0,6,0,0,False,,7
2025-09-13 19:33:53,deadline,10,172,68,0,6,0,0,False,,7
2025-09-13 19:33:53,deadline,10,172,68,0,6,0,0,False,,7
2025-09-13 19:33:54,deadline,10,172,68,0,6,0,0,False,,7
2025-09-13 19:33:54,deadline,10,172,68,0,6,0,0,False,,10
2025-09-13 19:33:55,deadline,10,172,68,0,6,0,0,False,,10
2025-09-13 19:33:55,deadline,10,172,68,0,6,0,0,False,,10
2025-09-13 19:33:56,deadline,10,172,68,0,6,0,0,False,,10
2025-09-13 19:33:56,deadline,10,172,68,0,6,0,0,False,,10
2025-09-13 19:33:57,deadline,10,172,68,0,6,0,0,False,,15
2025-09-13 19:33:57,deadline,10,172,68,0,6,0,0,False,,15
2025-09-13 19:33:58,deadline,10,172,68,0,6,0,0,False,,15
2025-09-13 19:33:58,deadline,10,172,68,0,6,0,0,False,,15
2025-09-13 19:33:59,deadline,10,172,68,0,6,0,0,False,,15
2025-09-13 19:33:59,smart,10,172,68,0,6,0,0,False,1,7
2025-09-13 19:34:00,smart,10,172,68,0,6,0,0,False,1,7
2025-09-13 19:34:01,smart,10,172,68,0,6,0,0,False,1,7
2025-09-13 19:34:01,smart,10,172,68,0,6,0,0,False,1,7
2025-09-13 19:34:02,smart,10,172,68,0,6,0,0,False,1,7
2025-09-13 19:34:02,smart,10,200,-26,0,6,0,0,False,2,7
2025-09-13 19:34:03,smart,10,200,-26,0,6,0,0,False,2,7
2025-09-13 19:34:03,smart,10,200,-26,0,6,0,0,False,2,7
2025-09-13 19:34:04,smart,10,200,-26,0,6,0,0,False,2,7
2025-09-13 19:34:05,smart,10,200,-26,0,6,0,0,False,2,7
2025-09-13 19:34:05,smart,10,204,-49,0,6,0,0,False,3,7
2025-09-13 19:34:06,smart,10,204,-49,0,6,0,0,False,3,7
2025-09-13 19:34:06,smart,10,204,-49,0,6,0,0,False,3,7
2025-09-13 19:34:07,smart,10,204,-49,0,6,0,0,False,3,7
2025-09-13 19:34:08,smart,10,204,-49,0,6,0,0,False,3,7
2025-09-13 19:34:08,smart,10,184,40,0,6,0,0,False,1,10
2025-09-13 19:34:09,smart,10,184,40,0,6,0,0,False,1,10
2025-09-13 19:34:09,smart,10,184,40,0,6,0,0,False,1,10
2025-09-13 19:34:10,smart,10,184,40,0,6,0,0,False,1,10
2025-09-13 19:34:10,smart,10,184,40,0,6,0,0,False,1,10
2025-09-13 19:34:11,smart,10,194,4,0,6,0,0,False,2,10
2025-09-13 19:34:12,smart,10,194,4,0,6,0,0,False,2,10
2025-09-13 19:34:12,smart,10,194,4,0,6,0,0,False,2,10
2025-09-13 19:34:13,smart,10,194,4,0,6,0,0,False,2,10
2025-09-13 19:34:13,smart,10,194,4,0,6,0,0,False,2,10
2025-09-13 19:34:14,smart,10,198,-16,0,6,0,0,False,3,10
2025-09-13 19:34:14,smart,10,198,-16,0,6,0,0,False,3,10
2025-09-13 19:34:15,smart,10,198,-16,0,6,0,0,False,3,10
2025-09-13 19:34:16,smart,10,198,-16,0,6,0,0,False,3,10
2025-09-13 19:34:16,smart,10,198,-16,0,6,0,0,False,3,10
2025-09-13 19:34:17,smart,10,184,46,0,6,0,0,False,1,15
2025-09-13 19:34:17,smart,10,184,46,0,6,0,0,False,1,15
2025-09-13 19:34:18,smart,10,184,46,0,6,0,0,False,1,15
2025-09-13 19:34:18,smart,10,184,46,0,6,0,0,False,1,15
2025-09-13 19:34:19,smart,10,184,46,0,6,0,0,False,1,15
2025-09-13 19:34:20,smart,10,190,22,0,6,0,0,False,2,15
2025-09-13 19:34:20,smart,10,190,22,0,6,0,0,False,2,15
2025-09-13 19:34:21,smart,10,190,22,0,6,0,0,False,2,15
2025-09-13 19:34:21,smart,10,190,22,0,6,0,0,False,2,15
2025-09-13 19:34:22,smart,10,190,22,0,6,0,0,False,2,15
2025-09-13 19:34:22,smart,10,188,30,0,6,0,0,False,3,15
2025-09-13 19:34:23,smart,10,188,30,0,6,0,0,False,3,15
2025-09-13 19:34:23,smart,10,188,30,0,6,0,0,False,3,15
2025-09-13 19:34:24,smart,10,188,30,0,6,0,0,False,3,15
2025-09-13 19:34:25,smart,10,188,30,0,6,0,0,False,3,15
2025-09-13 19:34:25,default,10,164,93,0,6,0,0,True,,
2025-09-13 19:34:26,default,10,164,93,0,6,0,0,True,,
2025-09-13 19:34:26,default,10,164,93,0,6,0,0,True,,
2025-09-13 19:34:27,default,10,164,93,0,6,0,0,True,,
2025-09-13 19:34:27,default,10,164,93,0,6,0,0,True,,
2025-09-13 19:34:28,greedy,10,164,93,0,6,0,0,True,,
2025-09-13 19:34:28,greedy,10,164,93,0,6,0,0,True,,
2025-09-13 19:34:29,greedy,10,164,93,0,6,0,0,True,,
2025-09-13 19:34:29,greedy,10,164,93,0,6,0,0,True,,
2025-09-13 19:34:30,greedy,10,164,93,0,6,0,0,True,,
2025-09-13 19:34:30,deadline,10,172,68,0,6,0,0,True,,7
2025-09-13 19:34:31,deadline,10,172,68,0,6,0,0,True,,7
2025-09-13 19:34:31,deadline,10,172,68,0,6,0,0,True,,7
2025-09-13 19:34:32,deadline,10,172,68,0,6,0,0,True,,7
2025-09-13 19:34:32,deadline,10,172,68,0,6,0,0,True,,7
2025-09-13 19:34:33,deadline,10,172,68,0,6,0,0,True,,10
2025-09-13 19:34:34,deadline,10,172,68,0,6,0,0,True,,10
2025-09-13 19:34:34,deadline,10,172,68,0,6,0,0,True,,10
2025-09-13 19:34:35,deadline,10,172,68,0,6,0,0,True,,10
2025-09-13 19:34:35,deadline,10,172,68,0,6,0,0,True,,10
2025-09-13 19:34:36,deadline,10,172,68,0,6,0,0,True,,15
2025-09-13 19:34:36,deadline,10,172,68,0,6,0,0,True,,15
2025-09-13 19:34:37,deadline,10,172,68,0,6,0,0,True,,15
2025-09-13 19:34:37,deadline,10,172,68,0,6,0,0,True,,15
2025-09-13 19:34:38,deadline,10,172,68,0,6,0,0,True,,15
2025-09-13 19:34:38,smart,10,172,68,0,6,0,0,True,1,7
2025-09-13 19:34:39,smart,10,172,68,0,6,0,0,True,1,7
2025-09-13 19:34:39,smart,10,172,68,0,6,0,0,True,1,7
2025-09-13 19:34:40,smart,10,172,68,0,6,0,0,True,1,7
2025-09-13 19:34:40,smart,10,172,68,0,6,0,0,True,1,7
2025-09-13 19:34:41,smart,10,206,-76,0,6,0,0,True,2,7
2025-09-13 19:34:41,smart,10,206,-76,0,6,0,0,True,2,7
2025-09-13 19:34:42,smart,10,206,-76,0,6,0,0,True,2,7
2025-09-13 19:34:43,smart,10,206,-76,0,6,0,0,True,2,7
2025-09-13 19:34:43,smart,10,206,-76,0,6,0,0,True,2,7
2025-09-13 19:34:44,smart,10,198,-41,0,6,0,0,True,3,7
2025-09-13 19:34:44,smart,10,198,-41,0,6,0,0,True,3,7
2025-09-13 19:34:45,smart,10,198,-41,0,6,0,0,True,3,7
2025-09-13 19:34:45,smart,10,198,-41,0,6,0,0,True,3,7
2025-09-13 19:34:46,smart,10,198,-41,0,6,0,0,True,3,7
2025-09-13 19:34:47,smart,10,172,68,0,6,0,0,True,1,10
2025-09-13 19:34:47,smart,10,172,68,0,6,0,0,True,1,10
2025-09-13 19:34:48,smart,10,172,68,0,6,0,0,True,1,10
2025-09-13 19:34:48,smart,10,172,68,0,6,0,0,True,1,10
2025-09-13 19:34:49,smart,10,172,68,0,6,0,0,True,1,10
2025-09-13 19:34:49,smart,10,206,-76,0,6,0,0,True,2,10
2025-09-13 19:34:50,smart,10,206,-76,0,6,0,0,True,2,10
2025-09-13 19:34:51,smart,10,206,-76,0,6,0,0,True,2,10
2025-09-13 19:34:51,smart,10,206,-76,0,6,0,0,True,2,10
2025-09-13 19:34:52,smart,10,206,-76,0,6,0,0,True,2,10
2025-09-13 19:34:52,smart,10,198,-41,0,6,0,0,True,3,10
2025-09-13 19:34:53,smart,10,198,-41,0,6,0,0,True,3,10
2025-09-13 19:34:54,smart,10,198,-41,0,6,0,0,True,3,10
2025-09-13 19:34:54,smart,10,198,-41,0,6,0,0,True,3,10
2025-09-13 19:34:55,smart,10,198,-41,0,6,0,0,True,3,10
2025-09-13 19:34:55,smart,10,178,58,0,6,0,0,True,1,15
2025-09-13 19:34:56,smart,10,178,58,0,6,0,0,True,1,15
2025-09-13 19:34:56,smart,10,178,58,0,6,0,0,True,1,15
2025-09-13 19:34:57,smart,10,178,58,0,6,0,0,True,1,15
2025-09-13 19:34:57,smart,10,178,58,0,6,0,0,True,1,15
2025-09-13 19:34:58,smart,10,192,2,0,6,0,0,True,2,15
2025-09-13 19:34:59,smart,10,192,2,0,6,0,0,True,2,15
2025-09-13 19:34:59,smart,10,192,2,0,6,0,0,True,2,15
2025-09-13 19:35:00,smart,10,192,2,0,6,0,0,True,2,15
2025-09-13 19:35:00,smart,10,192,2,0,6,0,0,True,2,15
2025-09-13 19:35:01,smart,10,198,-41,0,6,0,0,True,3,15
2025-09-13 19:35:02,smart,10,198,-41,0,6,0,0,True,3,15
2025-09-13 19:35:02,smart,10,198,-41,0,6,0,0,True,3,15
2025-09-13 19:35:03,smart,10,198,-41,0,6,0,0,True,3,15
2025-09-13 19:35:03,smart,10,198,-41,0,6,0,0,True,3,15
2025-09-13 19:35:04,default,15,137,135,0,6,0,0,False,,
2025-09-13 19:35:04,default,15,137,135,0,6,0,0,False,,
2025-09-13 19:35:05,default,15,137,135,0,6,0,0,False,,
2025-09-13 19:35:05,default,15,137,135,0,6,0,0,False,,
2025-09-13 19:35:06,default,15,137,135,0,6,0,0,False,,
2025-09-13 19:35:06,greedy,15,137,135,0,6,0,0,False,,
2025-09-13 19:35:07,greedy,15,137,135,0,6,0,0,False,,
2025-09-13 19:35:07,greedy,15,137,135,0,6,0,0,False,,
2025-09-13 19:35:08,greedy,15,137,135,0,6,0,0,False,,
2025-09-13 19:35:08,greedy,15,137,135,0,6,0,0,False,,
2025-09-13 19:35:09,deadline,15,160,98,0,6,0,0,False,,7
2025-09-13 19:35:09,deadline,15,160,98,0,6,0,0,False,,7
2025-09-13 19:35:10,deadline,15,160,98,0,6,0,0,False,,7
2025-09-13 19:35:10,deadline,15,160,98,0,6,0,0,False,,7
2025-09-13 19:35:11,deadline,15,160,98,0,6,0,0,False,,7
2025-09-13 19:35:11,deadline,15,160,98,0,6,0,0,False,,10
2025-09-13 19:35:12,deadline,15,160,98,0,6,0,0,False,,10
2025-09-13 19:35:12,deadline,15,160,98,0,6,0,0,False,,10
2025-09-13 19:35:13,deadline,15,160,98,0,6,0,0,False,,10
2025-09-13 19:35:13,deadline,15,160,98,0,6,0,0,False,,10
2025-09-13 19:35:14,deadline,15,160,98,0,6,0,0,False,,15
2025-09-13 19:35:14,deadline,15,160,98,0,6,0,0,False,,15
2025-09-13 19:35:15,deadline,15,160,98,0,6,0,0,False,,15
2025-09-13 19:35:16,deadline,15,160,98,0,6,0,0,False,,15
2025-09-13 19:35:16,deadline,15,160,98,0,6,0,0,False,,15
2025-09-13 19:35:17,smart,15,160,98,0,6,0,0,False,1,7
2025-09-13 19:35:17,smart,15,160,98,0,6,0,0,False,1,7
2025-09-13 19:35:18,smart,15,160,98,0,6,0,0,False,1,7
2025-09-13 19:35:18,smart,15,160,98,0,6,0,0,False,1,7
2025-09-13 19:35:18,smart,15,160,98,0,6,0,0,False,1,7
2025-09-13 19:35:19,smart,15,178,44,0,6,0,0,False,2,7
2025-09-13 19:35:19,smart,15,178,44,0,6,0,0,False,2,7
2025-09-13 19:35:20,smart,15,178,44,0,6,0,0,False,2,7
2025-09-13 19:35:21,smart,15,178,44,0,6,0,0,False,2,7
2025-09-13 19:35:21,smart,15,178,44,0,6,0,0,False,2,7
2025-09-13 19:35:22,smart,15,146,112,0,6,0,0,False,3,7
2025-09-13 19:35:22,smart,15,146,112,0,6,0,0,False,3,7
2025-09-13 19:35:23,smart,15,146,112,0,6,0,0,False,3,7
2025-09-13 19:35:24,smart,15,146,112,0,6,0,0,False,3,7
2025-09-13 19:35:24,smart,15,146,112,0,6,0,0,False,3,7
2025-09-13 19:35:25,smart,15,160,98,0,6,0,0,False,1,10
2025-09-13 19:35:25,smart,15,160,98,0,6,0,0,False,1,10
2025-09-13 19:35:26,smart,15,160,98,0,6,0,0,False,1,10
2025-09-13 19:35:26,smart,15,160,98,0,6,0,0,False,1,10
2025-09-13 19:35:27,smart,15,160,98,0,6,0,0,False,1,10
2025-09-13 19:35:27,smart,15,172,62,0,6,0,0,False,2,10
2025-09-13 19:35:28,smart,15,172,62,0,6,0,0,False,2,10
2025-09-13 19:35:28,smart,15,172,62,0,6,0,0,False,2,10
2025-09-13 19:35:29,smart,15,172,62,0,6,0,0,False,2,10
2025-09-13 19:35:29,smart,15,172,62,0,6,0,0,False,2,10
2025-09-13 19:35:30,smart,15,144,118,0,6,0,0,False,3,10
2025-09-13 19:35:30,smart,15,144,118,0,6,0,0,False,3,10
2025-09-13 19:35:31,smart,15,144,118,0,6,0,0,False,3,10
2025-09-13 19:35:31,smart,15,144,118,0,6,0,0,False,3,10
2025-09-13 19:35:32,smart,15,144,118,0,6,0,0,False,3,10
2025-09-13 19:35:32,smart,15,160,98,0,6,0,0,False,1,15
2025-09-13 19:35:33,smart,15,160,98,0,6,0,0,False,1,15
2025-09-13 19:35:33,smart,15,160,98,0,6,0,0,False,1,15
2025-09-13 19:35:34,smart,15,160,98,0,6,0,0,False,1,15
2025-09-13 19:35:34,smart,15,160,98,0,6,0,0,False,1,15
2025-09-13 19:35:35,smart,15,168,74,0,6,0,0,False,2,15
2025-09-13 19:35:35,smart,15,168,74,0,6,0,0,False,2,15
2025-09-13 19:35:36,smart,15,168,74,0,6,0,0,False,2,15
2025-09-13 19:35:36,smart,15,168,74,0,6,0,0,False,2,15
2025-09-13 19:35:37,smart,15,168,74,0,6,0,0,False,2,15
2025-09-13 19:35:37,smart,15,142,124,0,6,0,0,False,3,15
2025-09-13 19:35:38,smart,15,142,124,0,6,0,0,False,3,15
2025-09-13 19:35:38,smart,15,142,124,0,6,0,0,False,3,15
2025-09-13 19:35:39,smart,15,142,124,0,6,0,0,False,3,15
2025-09-13 19:35:39,smart,15,142,124,0,6,0,0,False,3,15
2025-09-13 19:35:40,default,15,137,135,0,6,0,0,True,,
2025-09-13 19:35:40,default,15,137,135,0,6,0,0,True,,
2025-09-13 19:35:41,default,15,137,135,0,6,0,0,True,,
2025-09-13 19:35:41,default,15,137,135,0,6,0,0,True,,
2025-09-13 19:35:42,default,15,137,135,0,6,0,0,True,,
2025-09-13 19:35:42,greedy,15,137,135,0,6,0,0,True,,
2025-09-13 19:35:43,greedy,15,137,135,0,6,0,0,True,,
2025-09-13 19:35:43,greedy,15,137,135,0,6,0,0,True,,
2025-09-13 19:35:44,greedy,15,137,135,0,6,0,0,True,,
2025-09-13 19:35:44,greedy,15,137,135,0,6,0,0,True,,
2025-09-13 19:35:44,deadline,15,160,98,0,6,0,0,True,,7
2025-09-13 19:35:45,deadline,15,160,98,0,6,0,0,True,,7
2025-09-13 19:35:45,deadline,15,160,98,0,6,0,0,True,,7
2025-09-13 19:35:46,deadline,15,160,98,0,6,0,0,True,,7
2025-09-13 19:35:46,deadline,15,160,98,0,6,0,0,True,,7
2025-09-13 19:35:47,deadline,15,160,98,0,6,0,0,True,,10
2025-09-13 19:35:47,deadline,15,160,98,0,6,0,0,True,,10
2025-09-13 19:35:48,deadline,15,160,98,0,6,0,0,True,,10
2025-09-13 19:35:49,deadline,15,160,98,0,6,0,0,True,,10
2025-09-13 19:35:49,deadline,15,160,98,0,6,0,0,True,,10
2025-09-13 19:35:50,deadline,15,160,98,0,6,0,0,True,,15
2025-09-13 19:35:50,deadline,15,160,98,0,6,0,0,True,,15
2025-09-13 19:35:51,deadline,15,160,98,0,6,0,0,True,,15
2025-09-13 19:35:51,deadline,15,160,98,0,6,0,0,True,,15
2025-09-13 19:35:52,deadline,15,160,98,0,6,0,0,True,,15
2025-09-13 19:35:53,smart,15,160,98,0,6,0,0,True,1,7
2025-09-13 19:35:53,smart,15,160,98,0,6,0,0,True,1,7
2025-09-13 19:35:54,smart,15,160,98,0,6,0,0,True,1,7
2025-09-13 19:35:54,smart,15,160,98,0,6,0,0,True,1,7
2025-09-13 19:35:55,smart,15,160,98,0,6,0,0,True,1,7
2025-09-13 19:35:55,smart,15,186,-8,0,6,0,0,True,2,7
2025-09-13 19:35:56,smart,15,186,-8,0,6,0,0,True,2,7
2025-09-13 19:35:56,smart,15,186,-8,0,6,0,0,True,2,7
2025-09-13 19:35:57,smart,15,186,-8,0,6,0,0,True,2,7
2025-09-13 19:35:57,smart,15,186,-8,0,6,0,0,True,2,7
2025-09-13 19:35:58,smart,15,190,-20,1,6,0,0,True,3,7
2025-09-13 19:35:58,smart,15,190,-20,1,6,0,0,True,3,7
2025-09-13 19:35:59,smart,15,190,-20,1,6,0,0,True,3,7
2025-09-13 19:36:00,smart,15,190,-20,1,6,0,0,True,3,7
2025-09-13 19:36:00,smart,15,190,-20,1,6,0,0,True,3,7
2025-09-13 19:36:01,smart,15,160,98,0,6,0,0,True,1,10
2025-09-13 19:36:01,smart,15,160,98,0,6,0,0,True,1,10
2025-09-13 19:36:02,smart,15,160,98,0,6,0,0,True,1,10
2025-09-13 19:36:02,smart,15,160,98,0,6,0,0,True,1,10
2025-09-13 19:36:03,smart,15,160,98,0,6,0,0,True,1,10
2025-09-13 19:36:03,smart,15,186,-8,0,6,0,0,True,2,10
2025-09-13 19:36:04,smart,15,186,-8,0,6,0,0,True,2,10
2025-09-13 19:36:04,smart,15,186,-8,0,6,0,0,True,2,10
2025-09-13 19:36:05,smart,15,186,-8,0,6,0,0,True,2,10
2025-09-13 19:36:05,smart,15,186,-8,0,6,0,0,True,2,10
2025-09-13 19:36:06,smart,15,190,-20,1,6,0,0,True,3,10
2025-09-13 19:36:07,smart,15,190,-20,1,6,0,0,True,3,10
2025-09-13 19:36:07,smart,15,190,-20,1,6,0,0,True,3,10
2025-09-13 19:36:08,smart,15,190,-20,1,6,0,0,True,3,10
2025-09-13 19:36:08,smart,15,190,-20,1,6,0,0,True,3,10
2025-09-13 19:36:09,smart,15,160,98,0,6,0,0,True,1,15
2025-09-13 19:36:09,smart,15,160,98,0,6,0,0,True,1,15
2025-09-13 19:36:10,smart,15,160,98,0,6,0,0,True,1,15
2025-09-13 19:36:10,smart,15,160,98,0,6,0,0,True,1,15
2025-09-13 19:36:11,smart,15,160,98,0,6,0,0,True,1,15
2025-09-13 19:36:11,smart,15,186,-8,0,6,0,0,True,2,15
2025-09-13 19:36:12,smart,15,186,-8,0,6,0,0,True,2,15
2025-09-13 19:36:12,smart,15,186,-8,0,6,0,0,True,2,15
2025-09-13 19:36:13,smart,15,186,-8,0,6,0,0,True,2,15
2025-09-13 19:36:13,smart,15,186,-8,0,6,0,0,True,2,15
2025-09-13 19:36:14,smart,15,190,-20,1,6,0,0,True,3,15
2025-09-13 19:36:15,smart,15,190,-20,1,6,0,0,True,3,15
2025-09-13 19:36:15,smart,15,190,-20,1,6,0,0,True,3,15
2025-09-13 19:36:16,smart,15,190,-20,1,6,0,0,True,3,15
2025-09-13 19:36:16,smart,15,190,-20,1,6,0,0,True,3,15
2025-09-13 19:36:17,default,16,132,83,0,6,0,0,False,,
2025-09-13 19:36:17,default,16,132,83,0,6,0,0,False,,
2025-09-13 19:36:18,default,16,132,83,0,6,0,0,False,,
2025-09-13 19:36:18,default,16,132,83,0,6,0,0,False,,
2025-09-13 19:36:18,default,16,132,83,0,6,0,0,False,,
2025-09-13 19:36:19,greedy,16,132,83,0,6,0,0,False,,
2025-09-13 19:36:19,greedy,16,132,83,0,6,0,0,False,,
2025-09-13 19:36:20,greedy,16,132,83,0,6,0,0,False,,
2025-09-13 19:36:20,greedy,16,132,83,0,6,0,0,False,,
2025-09-13 19:36:21,greedy,16,132,83,0,6,0,0,False,,
2025-09-13 19:36:21,deadline,16,180,-48,0,6,0,0,False,,7
2025-09-13 19:36:22,deadline,16,180,-48,0,6,0,0,False,,7
2025-09-13 19:36:22,deadline,16,180,-48,0,6,0,0,False,,7
2025-09-13 19:36:23,deadline,16,180,-48,0,6,0,0,False,,7
2025-09-13 19:36:23,deadline,16,180,-48,0,6,0,0,False,,7
2025-09-13 19:36:24,deadline,16,180,-48,0,6,0,0,False,,10
2025-09-13 19:36:24,deadline,16,180,-48,0,6,0,0,False,,10
2025-09-13 19:36:25,deadline,16,180,-48,0,6,0,0,False,,10
2025-09-13 19:36:25,deadline,16,180,-48,0,6,0,0,False,,10
2025-09-13 19:36:26,deadline,16,180,-48,0,6,0,0,False,,10
2025-09-13 19:36:26,deadline,16,180,-48,0,6,0,0,False,,15
2025-09-13 19:36:27,deadline,16,180,-48,0,6,0,0,False,,15
2025-09-13 19:36:27,deadline,16,180,-48,0,6,0,0,False,,15
2025-09-13 19:36:28,deadline,16,180,-48,0,6,0,0,False,,15
2025-09-13 19:36:28,deadline,16,180,-48,0,6,0,0,False,,15
2025-09-13 19:36:29,smart,16,246,-250,0,6,0,0,False,1,7
2025-09-13 19:36:30,smart,16,246,-250,0,6,0,0,False,1,7
2025-09-13 19:36:30,smart,16,246,-250,0,6,0,0,False,1,7
2025-09-13 19:36:31,smart,16,246,-250,0,6,0,0,False,1,7
2025-09-13 19:36:32,smart,16,246,-250,0,6,0,0,False,1,7
2025-09-13 19:36:32,smart,16,180,18,0,6,0,0,False,2,7
2025-09-13 19:36:33,smart,16,180,18,0,6,0,0,False,2,7
2025-09-13 19:36:33,smart,16,180,18,0,6,0,0,False,2,7
2025-09-13 19:36:34,smart,16,180,18,0,6,0,0,False,2,7
2025-09-13 19:36:34,smart,16,180,18,0,6,0,0,False,2,7
2025-09-13 19:36:35,smart,16,178,28,0,6,0,0,False,3,7
2025-09-13 19:36:35,smart,16,178,28,0,6,0,0,False,3,7
2025-09-13 19:36:36,smart,16,178,28,0,6,0,0,False,3,7
2025-09-13 19:36:37,smart,16,178,28,0,6,0,0,False,3,7
2025-09-13 19:36:37,smart,16,178,28,0,6,0,0,False,3,7
2025-09-13 19:36:38,smart,16,246,-250,0,6,0,0,False,1,10
2025-09-13 19:36:38,smart,16,246,-250,0,6,0,0,False,1,10
2025-09-13 19:36:39,smart,16,246,-250,0,6,0,0,False,1,10
2025-09-13 19:36:39,smart,16,246,-250,0,6,0,0,False,1,10
2025-09-13 19:36:40,smart,16,246,-250,0,6,0,0,False,1,10
2025-09-13 19:36:41,smart,16,180,18,0,6,0,0,False,2,10
2025-09-13 19:36:41,smart,16,180,18,0,6,0,0,False,2,10
2025-09-13 19:36:42,smart,16,180,18,0,6,0,0,False,2,10
2025-09-13 19:36:43,smart,16,180,18,0,6,0,0,False,2,10
2025-09-13 19:36:43,smart,16,180,18,0,6,0,0,False,2,10
2025-09-13 19:36:44,smart,16,178,28,0,6,0,0,False,3,10
2025-09-13 19:36:44,smart,16,178,28,0,6,0,0,False,3,10
2025-09-13 19:36:45,smart,16,178,28,0,6,0,0,False,3,10
2025-09-13 19:36:45,smart,16,178,28,0,6,0,0,False,3,10
2025-09-13 19:36:46,smart,16,178,28,0,6,0,0,False,3,10
2025-09-13 19:36:46,smart,16,246,-250,0,6,0,0,False,1,15
2025-09-13 19:36:47,smart,16,246,-250,0,6,0,0,False,1,15
2025-09-13 19:36:48,smart,16,246,-250,0,6,0,0,False,1,15
2025-09-13 19:36:48,smart,16,246,-250,0,6,0,0,False,1,15
2025-09-13 19:36:49,smart,16,246,-250,0,6,0,0,False,1,15
2025-09-13 19:36:50,smart,16,180,18,0,6,0,0,False,2,15
2025-09-13 19:36:50,smart,16,180,18,0,6,0,0,False,2,15
2025-09-13 19:36:51,smart,16,180,18,0,6,0,0,False,2,15
2025-09-13 19:36:51,smart,16,180,18,0,6,0,0,False,2,15
2025-09-13 19:36:52,smart,16,180,18,0,6,0,0,False,2,15
2025-09-13 19:36:53,smart,16,178,28,0,6,0,0,False,3,15
2025-09-13 19:36:53,smart,16,178,28,0,6,0,0,False,3,15
2025-09-13 19:36:54,smart,16,178,28,0,6,0,0,False,3,15
2025-09-13 19:36:54,smart,16,178,28,0,6,0,0,False,3,15
2025-09-13 19:36:55,smart,16,178,28,0,6,0,0,False,3,15
2025-09-13 19:36:55,default,16,144,99,0,6,0,0,True,,
2025-09-13 19:36:56,default,16,144,99,0,6,0,0,True,,
2025-09-13 19:36:56,default,16,144,99,0,6,0,0,True,,
2025-09-13 19:36:57,default,16,144,99,0,6,0,0,True,,
2025-09-13 19:36:57,default,16,144,99,0,6,0,0,True,,
2025-09-13 19:36:58,greedy,16,144,99,0,6,0,0,True,,
2025-09-13 19:36:58,greedy,16,144,99,0,6,0,0,True,,
2025-09-13 19:36:58,greedy,16,144,99,0,6,0,0,True,,
2025-09-13 19:36:59,greedy,16,144,99,0,6,0,0,True,,
2025-09-13 19:36:59,greedy,16,144,99,0,6,0,0,True,,
2025-09-13 19:37:00,deadline,16,184,0,0,6,0,0,True,,7
2025-09-13 19:37:00,deadline,16,184,0,0,6,0,0,True,,7
2025-09-13 19:37:01,deadline,16,184,0,0,6,0,0,True,,7
2025-09-13 19:37:01,deadline,16,184,0,0,6,0,0,True,,7
2025-09-13 19:37:02,deadline,16,184,0,0,6,0,0,True,,7
2025-09-13 19:37:03,deadline,16,184,0,0,6,0,0,True,,10
2025-09-13 19:37:03,deadline,16,184,0,0,6,0,0,True,,10
2025-09-13 19:37:04,deadline,16,184,0,0,6,0,0,True,,10
2025-09-13 19:37:04,deadline,16,184,0,0,6,0,0,True,,10
2025-09-13 19:37:05,deadline,16,184,0,0,6,0,0,True,,10
2025-09-13 19:37:05,deadline,16,184,0,0,6,0,0,True,,15
2025-09-13 19:37:06,deadline,16,184,0,0,6,0,0,True,,15
2025-09-13 19:37:06,deadline,16,184,0,0,6,0,0,True,,15
2025-09-13 19:37:07,deadline,16,184,0,0,6,0,0,True,,15
2025-09-13 19:37:07,deadline,16,184,0,0,6,0,0,True,,15
2025-09-13 19:37:08,smart,16,212,-104,0,6,0,0,True,1,7
2025-09-13 19:37:09,smart,16,212,-104,0,6,0,0,True,1,7
2025-09-13 19:37:09,smart,16,212,-104,0,6,0,0,True,1,7
2025-09-13 19:37:10,smart,16,212,-104,0,6,0,0,True,1,7
2025-09-13 19:37:10,smart,16,212,-104,0,6,0,0,True,1,7
2025-09-13 19:37:11,smart,16,180,18,0,6,0,0,True,2,7
2025-09-13 19:37:11,smart,16,180,18,0,6,0,0,True,2,7
2025-09-13 19:37:12,smart,16,180,18,0,6,0,0,True,2,7
2025-09-13 19:37:13,smart,16,180,18,0,6,0,0,True,2,7
2025-09-13 19:37:13,smart,16,180,18,0,6,0,0,True,2,7
2025-09-13 19:37:14,smart,16,224,-220,0,6,0,0,True,3,7
2025-09-13 19:37:14,smart,16,224,-220,0,6,0,0,True,3,7
2025-09-13 19:37:15,smart,16,224,-220,0,6,0,0,True,3,7
2025-09-13 19:37:16,smart,16,224,-220,0,6,0,0,True,3,7
2025-09-13 19:37:16,smart,16,224,-220,0,6,0,0,True,3,7
2025-09-13 19:37:17,smart,16,212,-104,0,6,0,0,True,1,10
2025-09-13 19:37:17,smart,16,212,-104,0,6,0,0,True,1,10
2025-09-13 19:37:18,smart,16,212,-104,0,6,0,0,True,1,10
2025-09-13 19:37:19,smart,16,212,-104,0,6,0,0,True,1,10
2025-09-13 19:37:19,smart,16,212,-104,0,6,0,0,True,1,10
2025-09-13 19:37:20,smart,16,180,18,0,6,0,0,True,2,10
2025-09-13 19:37:20,smart,16,180,18,0,6,0,0,True,2,10
2025-09-13 19:37:21,smart,16,180,18,0,6,0,0,True,2,10
2025-09-13 19:37:21,smart,16,180,18,0,6,0,0,True,2,10
2025-09-13 19:37:22,smart,16,180,18,0,6,0,0,True,2,10
2025-09-13 19:37:22,smart,16,224,-220,0,6,0,0,True,3,10
2025-09-13 19:37:23,smart,16,224,-220,0,6,0,0,True,3,10
2025-09-13 19:37:24,smart,16,224,-220,0,6,0,0,True,3,10
2025-09-13 19:37:24,smart,16,224,-220,0,6,0,0,True,3,10
2025-09-13 19:37:25,smart,16,224,-220,0,6,0,0,True,3,10
2025-09-13 19:37:26,smart,16,212,-104,0,6,0,0,True,1,15
2025-09-13 19:37:26,smart,16,212,-104,0,6,0,0,True,1,15
2025-09-13 19:37:27,smart,16,212,-104,0,6,0,0,True,1,15
2025-09-13 19:37:27,smart,16,212,-104,0,6,0,0,True,1,15
2025-09-13 19:37:28,smart,16,212,-104,0,6,0,0,True,1,15
2025-09-13 19:37:29,smart,16,180,18,0,6,0,0,True,2,15
2025-09-13 19:37:29,smart,16,180,18,0,6,0,0,True,2,15
2025-09-13 19:37:30,smart,16,180,18,0,6,0,0,True,2,15
2025-09-13 19:37:30,smart,16,180,18,0,6,0,0,True,2,15
2025-09-13 19:37:31,smart,16,180,18,0,6,0,0,True,2,15
2025-09-13 19:37:31,smart,16,224,-220,0,6,0,0,True,3,15
2025-09-13 19:37:32,smart,16,224,-220,0,6,0,0,True,3,15
2025-09-13 19:37:33,smart,16,224,-220,0,6,0,0,True,3,15
2025-09-13 19:37:33,smart,16,224,-220,0,6,0,0,True,3,15
2025-09-13 19:37:34,smart,16,224,-220,0,6,0,0,True,3,15
2025-09-13 19:37:35,default,30,164,13,0,6,0,0,False,,
2025-09-13 19:37:35,default,30,164,13,0,6,0,0,False,,
2025-09-13 19:37:36,default,30,164,13,0,6,0,0,False,,
2025-09-13 19:37:36,default,30,164,13,0,6,0,0,False,,
2025-09-13 19:37:37,default,30,164,13,0,6,0,0,False,,
2025-09-13 19:37:38,greedy,30,164,13,0,6,0,0,False,,
2025-09-13 19:37:39,greedy,30,164,13,0,6,0,0,False,,
2025-09-13 19:37:39,greedy,30,164,13,0,6,0,0,False,,
2025-09-13 19:37:40,greedy,30,164,13,0,6,0,0,False,,
2025-09-13 19:37:40,greedy,30,164,13,0,6,0,0,False,,
2025-09-13 19:37:41,deadline,30,220,-104,0,6,0,0,False,,7
2025-09-13 19:37:41,deadline,30,220,-104,0,6,0,0,False,,7
2025-09-13 19:37:42,deadline,30,220,-104,0,6,0,0,False,,7
2025-09-13 19:37:43,deadline,30,220,-104,0,6,0,0,False,,7
2025-09-13 19:37:44,deadline,30,220,-104,0,6,0,0,False,,7
2025-09-13 19:37:44,deadline,30,220,-104,0,6,0,0,False,,10
2025-09-13 19:37:45,deadline,30,220,-104,0,6,0,0,False,,10
2025-09-13 19:37:45,deadline,30,220,-104,0,6,0,0,False,,10
2025-09-13 19:37:46,deadline,30,220,-104,0,6,0,0,False,,10
2025-09-13 19:37:47,deadline,30,220,-104,0,6,0,0,False,,10
2025-09-13 19:37:47,deadline,30,220,-104,0,6,0,0,False,,15
2025-09-13 19:37:48,deadline,30,220,-104,0,6,0,0,False,,15
2025-09-13 19:37:48,deadline,30,220,-104,0,6,0,0,False,,15
2025-09-13 19:37:49,deadline,30,220,-104,0,6,0,0,False,,15
2025-09-13 19:37:50,deadline,30,220,-104,0,6,0,0,False,,15
2025-09-13 19:37:50,smart,30,228,-108,0,6,0,0,False,1,7
2025-09-13 19:37:51,smart,30,228,-108,0,6,0,0,False,1,7
2025-09-13 19:37:52,smart,30,228,-108,0,6,0,0,False,1,7
2025-09-13 19:37:52,smart,30,228,-108,0,6,0,0,False,1,7
2025-09-13 19:37:53,smart,30,228,-108,0,6,0,0,False,1,7
2025-09-13 19:37:53,smart,30,226,-108,0,6,0,0,False,2,7
2025-09-13 19:37:54,smart,30,226,-108,0,6,0,0,False,2,7
2025-09-13 19:37:55,smart,30,226,-108,0,6,0,0,False,2,7
2025-09-13 19:37:56,smart,30,226,-108,0,6,0,0,False,2,7
2025-09-13 19:37:56,smart,30,226,-108,0,6,0,0,False,2,7
2025-09-13 19:37:57,smart,30,246,-211,0,6,0,0,False,3,7
2025-09-13 19:37:57,smart,30,246,-211,0,6,0,0,False,3,7
2025-09-13 19:37:58,smart,30,246,-211,0,6,0,0,False,3,7
2025-09-13 19:37:59,smart,30,246,-211,0,6,0,0,False,3,7
2025-09-13 19:38:00,smart,30,246,-211,0,6,0,0,False,3,7
2025-09-13 19:38:00,smart,30,228,-108,0,6,0,0,False,1,10
2025-09-13 19:38:01,smart,30,228,-108,0,6,0,0,False,1,10
2025-09-13 19:38:02,smart,30,228,-108,0,6,0,0,False,1,10
2025-09-13 19:38:02,smart,30,228,-108,0,6,0,0,False,1,10
2025-09-13 19:38:03,smart,30,228,-108,0,6,0,0,False,1,10
2025-09-13 19:38:04,smart,30,226,-108,0,6,0,0,False,2,10
2025-09-13 19:38:04,smart,30,226,-108,0,6,0,0,False,2,10
2025-09-13 19:38:05,smart,30,226,-108,0,6,0,0,False,2,10
2025-09-13 19:38:05,smart,30,226,-108,0,6,0,0,False,2,10
2025-09-13 19:38:06,smart,30,226,-108,0,6,0,0,False,2,10
2025-09-13 19:38:07,smart,30,244,-199,0,6,0,0,False,3,10
2025-09-13 19:38:07,smart,30,244,-199,0,6,0,0,False,3,10
2025-09-13 19:38:08,smart,30,244,-199,0,6,0,0,False,3,10
2025-09-13 19:38:09,smart,30,244,-199,0,6,0,0,False,3,10
2025-09-13 19:38:09,smart,30,244,-199,0,6,0,0,False,3,10
2025-09-13 19:38:10,smart,30,228,-108,0,6,0,0,False,1,15
2025-09-13 19:38:11,smart,30,228,-108,0,6,0,0,False,1,15
2025-09-13 19:38:11,smart,30,228,-108,0,6,0,0,False,1,15
2025-09-13 19:38:12,smart,30,228,-108,0,6,0,0,False,1,15
2025-09-13 19:38:13,smart,30,228,-108,0,6,0,0,False,1,15
2025-09-13 19:38:13,smart,30,226,-108,0,6,0,0,False,2,15
2025-09-13 19:38:14,smart,30,226,-108,0,6,0,0,False,2,15
2025-09-13 19:38:15,smart,30,226,-108,0,6,0,0,False,2,15
2025-09-13 19:38:15,smart,30,226,-108,0,6,0,0,False,2,15
2025-09-13 19:38:16,smart,30,226,-108,0,6,0,0,False,2,15
2025-09-13 19:38:16,smart,30,240,-175,0,6,0,0,False,3,15
2025-09-13 19:38:17,smart,30,240,-175,0,6,0,0,False,3,15
2025-09-13 19:38:18,smart,30,240,-175,0,6,0,0,False,3,15
2025-09-13 19:38:18,smart,30,240,-175,0,6,0,0,False,3,15
2025-09-13 19:38:19,smart,30,240,-175,0,6,0,0,False,3,15
2025-09-13 19:38:20,default,30,134,88,0,6,0,0,True,,
2025-09-13 19:38:20,default,30,134,88,0,6,0,0,True,,
2025-09-13 19:38:21,default,30,134,88,0,6,0,0,True,,
2025-09-13 19:38:21,default,30,134,88,0,6,0,0,True,,
2025-09-13 19:38:21,default,30,134,88,0,6,0,0,True,,
2025-09-13 19:38:22,greedy,30,134,88,0,6,0,0,True,,
2025-09-13 19:38:22,greedy,30,134,88,0,6,0,0,True,,
2025-09-13 19:38:23,greedy,30,134,88,0,6,0,0,True,,
2025-09-13 19:38:23,greedy,30,134,88,0,6,0,0,True,,
2025-09-13 19:38:24,greedy,30,134,88,0,6,0,0,True,,
2025-09-13 19:38:24,deadline,30,238,-203,0,6,0,0,True,,7
2025-09-13 19:38:25,deadline,30,238,-203,0,6,0,0,True,,7
2025-09-13 19:38:25,deadline,30,238,-203,0,6,0,0,True,,7
2025-09-13 19:38:26,deadline,30,238,-203,0,6,0,0,True,,7
2025-09-13 19:38:27,deadline,30,238,-203,0,6,0,0,True,,7
2025-09-13 19:38:28,deadline,30,238,-203,0,6,0,0,True,,10
2025-09-13 19:38:28,deadline,30,238,-203,0,6,0,0,True,,10
2025-09-13 19:38:29,deadline,30,238,-203,0,6,0,0,True,,10
2025-09-13 19:38:30,deadline,30,238,-203,0,6,0,0,True,,10
2025-09-13 19:38:30,deadline,30,238,-203,0,6,0,0,True,,10
2025-09-13 19:38:31,deadline,30,238,-203,0,6,0,0,True,,15
2025-09-13 19:38:31,deadline,30,238,-203,0,6,0,0,True,,15
2025-09-13 19:38:33,deadline,30,238,-203,0,6,0,0,True,,15
2025-09-13 19:38:34,deadline,30,238,-203,0,6,0,0,True,,15
2025-09-13 19:38:34,deadline,30,238,-203,0,6,0,0,True,,15
2025-09-13 19:38:35,smart,30,228,-183,0,6,0,0,True,1,7
2025-09-13 19:38:36,smart,30,228,-183,0,6,0,0,True,1,7
2025-09-13 19:38:36,smart,30,228,-183,0,6,0,0,True,1,7
2025-09-13 19:38:37,smart,30,228,-183,0,6,0,0,True,1,7
2025-09-13 19:38:38,smart,30,228,-183,0,6,0,0,True,1,7
2025-09-13 19:38:38,smart,30,240,-255,0,6,0,0,True,2,7
2025-09-13 19:38:39,smart,30,240,-255,0,6,0,0,True,2,7
2025-09-13 19:38:40,smart,30,240,-255,0,6,0,0,True,2,7
2025-09-13 19:38:40,smart,30,240,-255,0,6,0,0,True,2,7
2025-09-13 19:38:41,smart,30,240,-255,0,6,0,0,True,2,7
2025-09-13 19:38:42,smart,30,286,-383,0,6,0,0,True,3,7
2025-09-13 19:38:42,smart,30,286,-383,0,6,0,0,True,3,7
2025-09-13 19:38:43,smart,30,286,-383,0,6,0,0,True,3,7
2025-09-13 19:38:44,smart,30,286,-383,0,6,0,0,True,3,7
2025-09-13 19:38:44,smart,30,286,-383,0,6,0,0,True,3,7
2025-09-13 19:38:45,smart,30,228,-183,0,6,0,0,True,1,10
2025-09-13 19:38:46,smart,30,228,-183,0,6,0,0,True,1,10
2025-09-13 19:38:47,smart,30,228,-183,0,6,0,0,True,1,10
2025-09-13 19:38:48,smart,30,228,-183,0,6,0,0,True,1,10
2025-09-13 19:38:48,smart,30,228,-183,0,6,0,0,True,1,10
2025-09-13 19:38:49,smart,30,272,-307,0,6,0,0,True,2,10
2025-09-13 19:38:49,smart,30,272,-307,0,6,0,0,True,2,10
2025-09-13 19:38:50,smart,30,272,-307,0,6,0,0,True,2,10
2025-09-13 19:38:51,smart,30,272,-307,0,6,0,0,True,2,10
2025-09-13 19:38:52,smart,30,272,-307,0,6,0,0,True,2,10
2025-09-13 19:38:52,smart,30,254,-223,0,6,0,0,True,3,10
2025-09-13 19:38:53,smart,30,254,-223,0,6,0,0,True,3,10
2025-09-13 19:38:54,smart,30,254,-223,0,6,0,0,True,3,10
2025-09-13 19:38:54,smart,30,254,-223,0,6,0,0,True,3,10
2025-09-13 19:38:55,smart,30,254,-223,0,6,0,0,True,3,10
2025-09-13 19:38:56,smart,30,228,-183,0,6,0,0,True,1,15
2025-09-13 19:38:57,smart,30,228,-183,0,6,0,0,True,1,15
2025-09-13 19:38:57,smart,30,228,-183,0,6,0,0,True,1,15
2025-09-13 19:38:58,smart,30,228,-183,0,6,0,0,True,1,15
2025-09-13 19:38:58,smart,30,228,-183,0,6,0,0,True,1,15
2025-09-13 19:38:59,smart,30,272,-307,0,6,0,0,True,2,15
2025-09-13 19:39:00,smart,30,272,-307,0,6,0,0,True,2,15
2025-09-13 19:39:01,smart,30,272,-307,0,6,0,0,True,2,15
2025-09-13 19:39:01,smart,30,272,-307,0,6,0,0,True,2,15
2025-09-13 19:39:02,smart,30,272,-307,0,6,0,0,True,2,15
2025-09-13 19:39:03,smart,30,254,-223,0,6,0,0,True,3,15
2025-09-13 19:39:04,smart,30,254,-223,0,6,0,0,True,3,15
2025-09-13 19:39:04,smart,30,254,-223,0,6,0,0,True,3,15
2025-09-13 19:39:05,smart,30,254,-223,0,6,0,0,True,3,15
2025-09-13 19:39:06,smart,30,254,-223,0,6,0,0,True,3,15
2025-09-13 19:39:06,default,150,148,116,0,6,0,0,False,,
2025-09-13 19:39:07,default,150,148,116,0,6,0,0,False,,
2025-09-13 19:39:07,default,150,148,116,0,6,0,0,False,,
2025-09-13 19:39:08,default,150,148,116,0,6,0,0,False,,
2025-09-13 19:39:08,default,150,148,116,0,6,0,0,False,,
2025-09-13 19:39:09,greedy,150,148,116,0,6,0,0,False,,
2025-09-13 19:39:09,greedy,150,148,116,0,6,0,0,False,,
2025-09-13 19:39:10,greedy,150,148,116,0,6,0,0,False,,
2025-09-13 19:39:10,greedy,150,148,116,0,6,0,0,False,,
2025-09-13 19:39:11,greedy,150,148,116,0,6,0,0,False,,
2025-09-13 19:39:11,deadline,150,154,123,0,6,0,0,False,,7
2025-09-13 19:39:12,deadline,150,154,123,0,6,0,0,False,,7
2025-09-13 19:39:12,deadline,150,154,123,0,6,0,0,False,,7
2025-09-13 19:39:13,deadline,150,154,123,0,6,0,0,False,,7
2025-09-13 19:39:13,deadline,150,154,123,0,6,0,0,False,,7
2025-09-13 19:39:14,deadline,150,154,123,0,6,0,0,False,,10
2025-09-13 19:39:14,deadline,150,154,123,0,6,0,0,False,,10
2025-09-13 19:39:15,deadline,150,154,123,0,6,0,0,False,,10
2025-09-13 19:39:15,deadline,150,154,123,0,6,0,0,False,,10
2025-09-13 19:39:16,deadline,150,154,123,0,6,0,0,False,,10
2025-09-13 19:39:16,deadline,150,154,123,0,6,0,0,False,,15
2025-09-13 19:39:17,deadline,150,154,123,0,6,0,0,False,,15
2025-09-13 19:39:17,deadline,150,154,123,0,6,0,0,False,,15
2025-09-13 19:39:18,deadline,150,154,123,0,6,0,0,False,,15
2025-09-13 19:39:18,deadline,150,154,123,0,6,0,0,False,,15
2025-09-13 19:39:19,smart,150,154,123,0,6,0,0,False,1,7
2025-09-13 19:39:19,smart,150,154,123,0,6,0,0,False,1,7
2025-09-13 19:39:20,smart,150,154,123,0,6,0,0,False,1,7
2025-09-13 19:39:20,smart,150,154,123,0,6,0,0,False,1,7
2025-09-13 19:39:21,smart,150,154,123,0,6,0,0,False,1,7
2025-09-13 19:39:21,smart,150,174,63,0,6,0,0,False,2,7
2025-09-13 19:39:22,smart,150,174,63,0,6,0,0,False,2,7
2025-09-13 19:39:22,smart,150,174,63,0,6,0,0,False,2,7
2025-09-13 19:39:23,smart,150,174,63,0,6,0,0,False,2,7
2025-09-13 19:39:23,smart,150,174,63,0,6,0,0,False,2,7
2025-09-13 19:39:24,smart,150,184,37,0,6,0,0,False,3,7
2025-09-13 19:39:24,smart,150,184,37,0,6,0,0,False,3,7
2025-09-13 19:39:25,smart,150,184,37,0,6,0,0,False,3,7
2025-09-13 19:39:25,smart,150,184,37,0,6,0,0,False,3,7
2025-09-13 19:39:26,smart,150,184,37,0,6,0,0,False,3,7
2025-09-13 19:39:27,smart,150,154,123,0,6,0,0,False,1,10
2025-09-13 19:39:27,smart,150,154,123,0,6,0,0,False,1,10
2025-09-13 19:39:27,smart,150,154,123,0,6,0,0,False,1,10
2025-09-13 19:39:28,smart,150,154,123,0,6,0,0,False,1,10
2025-09-13 19:39:29,smart,150,154,123,0,6,0,0,False,1,10
2025-09-13 19:39:29,smart,150,168,81,0,6,0,0,False,2,10
2025-09-13 19:39:29,smart,150,168,81,0,6,0,0,False,2,10
2025-09-13 19:39:30,smart,150,168,81,0,6,0,0,False,2,10
2025-09-13 19:39:30,smart,150,168,81,0,6,0,0,False,2,10
2025-09-13 19:39:31,smart,150,168,81,0,6,0,0,False,2,10
2025-09-13 19:39:31,smart,150,184,37,0,6,0,0,False,3,10
2025-09-13 19:39:32,smart,150,184,37,0,6,0,0,False,3,10
2025-09-13 19:39:33,smart,150,184,37,0,6,0,0,False,3,10
2025-09-13 19:39:33,smart,150,184,37,0,6,0,0,False,3,10
2025-09-13 19:39:34,smart,150,184,37,0,6,0,0,False,3,10
2025-09-13 19:39:34,smart,150,154,123,0,6,0,0,False,1,15
2025-09-13 19:39:35,smart,150,154,123,0,6,0,0,False,1,15
2025-09-13 19:39:35,smart,150,154,123,0,6,0,0,False,1,15
2025-09-13 19:39:36,smart,150,154,123,0,6,0,0,False,1,15
2025-09-13 19:39:36,smart,150,154,123,0,6,0,0,False,1,15
2025-09-13 19:39:37,smart,150,158,111,0,6,0,0,False,2,15
2025-09-13 19:39:37,smart,150,158,111,0,6,0,0,False,2,15
2025-09-13 19:39:38,smart,150,158,111,0,6,0,0,False,2,15
2025-09-13 19:39:38,smart,150,158,111,0,6,0,0,False,2,15
2025-09-13 19:39:39,smart,150,158,111,0,6,0,0,False,2,15
2025-09-13 19:39:39,smart,150,190,19,0,6,0,0,False,3,15
2025-09-13 19:39:40,smart,150,190,19,0,6,0,0,False,3,15
2025-09-13 19:39:41,smart,150,190,19,0,6,0,0,False,3,15
2025-09-13 19:39:41,smart,150,190,19,0,6,0,0,False,3,15
2025-09-13 19:39:42,smart,150,190,19,0,6,0,0,False,3,15
2025-09-13 19:39:42,default,150,138,155,0,6,0,0,True,,
2025-09-13 19:39:43,default,150,138,155,0,6,0,0,True,,
2025-09-13 19:39:44,default,150,138,155,0,6,0,0,True,,
2025-09-13 19:39:44,default,150,138,155,0,6,0,0,True,,
2025-09-13 19:39:45,default,150,138,155,0,6,0,0,True,,
2025-09-13 19:39:45,greedy,150,138,155,0,6,0,0,True,,
2025-09-13 19:39:45,greedy,150,138,155,0,6,0,0,True,,
2025-09-13 19:39:46,greedy,150,138,155,0,6,0,0,True,,
2025-09-13 19:39:46,greedy,150,138,155,0,6,0,0,True,,
2025-09-13 19:39:47,greedy,150,138,155,0,6,0,0,True,,
2025-09-13 19:39:47,deadline,150,148,135,0,6,0,0,True,,7
2025-09-13 19:39:48,deadline,150,148,135,0,6,0,0,True,,7
2025-09-13 19:39:48,deadline,150,148,135,0,6,0,0,True,,7
2025-09-13 19:39:49,deadline,150,148,135,0,6,0,0,True,,7
2025-09-13 19:39:49,deadline,150,148,135,0,6,0,0,True,,7
2025-09-13 19:39:50,deadline,150,148,135,0,6,0,0,True,,10
2025-09-13 19:39:50,deadline,150,148,135,0,6,0,0,True,,10
2025-09-13 19:39:51,deadline,150,148,135,0,6,0,0,True,,10
2025-09-13 19:39:51,deadline,150,148,135,0,6,0,0,True,,10
2025-09-13 19:39:52,deadline,150,148,135,0,6,0,0,True,,10
2025-09-13 19:39:52,deadline,150,148,135,0,6,0,0,True,,15
2025-09-13 19:39:53,deadline,150,148,135,0,6,0,0,True,,15
2025-09-13 19:39:53,deadline,150,148,135,0,6,0,0,True,,15
2025-09-13 19:39:54,deadline,150,148,135,0,6,0,0,True,,15
2025-09-13 19:39:54,deadline,150,148,135,0,6,0,0,True,,15
2025-09-13 19:39:54,smart,150,148,135,0,6,0,0,True,1,7
2025-09-13 19:39:55,smart,150,148,135,0,6,0,0,True,1,7
2025-09-13 19:39:55,smart,150,148,135,0,6,0,0,True,1,7
2025-09-13 19:39:56,smart,150,148,135,0,6,0,0,True,1,7
2025-09-13 19:39:56,smart,150,148,135,0,6,0,0,True,1,7
2025-09-13 19:39:57,smart,150,180,43,0,6,0,0,True,2,7
2025-09-13 19:39:57,smart,150,180,43,0,6,0,0,True,2,7
2025-09-13 19:39:58,smart,150,180,43,0,6,0,0,True,2,7
2025-09-13 19:39:58,smart,150,180,43,0,6,0,0,True,2,7
2025-09-13 19:39:59,smart,150,180,43,0,6,0,0,True,2,7
2025-09-13 19:39:59,smart,150,166,65,0,6,0,0,True,3,7
2025-09-13 19:40:00,smart,150,166,65,0,6,0,0,True,3,7
2025-09-13 19:40:00,smart,150,166,65,0,6,0,0,True,3,7
2025-09-13 19:40:01,smart,150,166,65,0,6,0,0,True,3,7
2025-09-13 19:40:01,smart,150,166,65,0,6,0,0,True,3,7
2025-09-13 19:40:02,smart,150,148,135,0,6,0,0,True,1,10
2025-09-13 19:40:02,smart,150,148,135,0,6,0,0,True,1,10
2025-09-13 19:40:03,smart,150,148,135,0,6,0,0,True,1,10
2025-09-13 19:40:03,smart,150,148,135,0,6,0,0,True,1,10
2025-09-13 19:40:04,smart,150,148,135,0,6,0,0,True,1,10
2025-09-13 19:40:04,smart,150,180,43,0,6,0,0,True,2,10
2025-09-13 19:40:05,smart,150,180,43,0,6,0,0,True,2,10
2025-09-13 19:40:05,smart,150,180,43,0,6,0,0,True,2,10
2025-09-13 19:40:06,smart,150,180,43,0,6,0,0,True,2,10
2025-09-13 19:40:06,smart,150,180,43,0,6,0,0,True,2,10
2025-09-13 19:40:07,smart,150,184,37,0,6,0,0,True,3,10
2025-09-13 19:40:08,smart,150,184,37,0,6,0,0,True,3,10
2025-09-13 19:40:08,smart,150,184,37,0,6,0,0,True,3,10
2025-09-13 19:40:09,smart,150,184,37,0,6,0,0,True,3,10
2025-09-13 19:40:09,smart,150,184,37,0,6,0,0,True,3,10
2025-09-13 19:40:10,smart,150,148,135,0,6,0,0,True,1,15
2025-09-13 19:40:10,smart,150,148,135,0,6,0,0,True,1,15
2025-09-13 19:40:11,smart,150,148,135,0,6,0,0,True,1,15
2025-09-13 19:40:11,smart,150,148,135,0,6,0,0,True,1,15
2025-09-13 19:40:12,smart,150,148,135,0,6,0,0,True,1,15
2025-09-13 19:40:12,smart,150,180,43,0,6,0,0,True,2,15
2025-09-13 19:40:13,smart,150,180,43,0,6,0,0,True,2,15
2025-09-13 19:40:13,smart,150,180,43,0,6,0,0,True,2,15
2025-09-13 19:40:14,smart,150,180,43,0,6,0,0,True,2,15
2025-09-13 19:40:15,smart,150,180,43,0,6,0,0,True,2,15
2025-09-13 19:40:15,smart,150,184,37,0,6,0,0,True,3,15
2025-09-13 19:40:16,smart,150,184,37,0,6,0,0,True,3,15
2025-09-13 19:40:16,smart,150,184,37,0,6,0,0,True,3,15
2025-09-13 19:40:17,smart,150,184,37,0,6,0,0,True,3,15
2025-09-13 19:40:18,smart,150,184,37,0,6,0,0,True,3,15
